Predict_linear_val,Predict_average2
5.35710477828979,5.112718579
