Predict_linear_val,Predict_average1
7.67768526077271,7.639463029
9.76077270507812,9.78471821
